Chromosome,Start_Position,End_Position,Reference_Allele,Tumor_Allele_1,Tumor_Allele_2,Variant_Type,Hugo_Symbol,Gene_Name,Reference_Genome,VAF,CANCER_TYPE,Sample_ID
chr10,89692905,89692905,G,A,A,SNP,PTEN,PTEN,GRCh37,0.000971,Gastrointestinal Stromal Tumor,CGST62P
chr10,89692905,89692905,G,A,A,SNP,PTEN,PTEN,GRCh37,0.0002,Gastrointestinal Stromal Tumor,CGST62P1
chr10,89692926,89692926,C,A,A,SNP,PTEN,PTEN,GRCh37,0.002351,Gastrointestinal Stromal Tumor,CGST45P2
chr10,89692926,89692926,C,A,A,SNP,PTEN,PTEN,GRCh37,0.000666444518493835,Gastrointestinal Stromal Tumor,CGST45P1
chr10,89717698,89717698,T,A,A,SNP,PTEN,PTEN,GRCh37,0.001824,Gastrointestinal Stromal Tumor,CGST142P
chr10,89720852,89720852,C,T,T,SNP,PTEN,PTEN,GRCh37,0.004606,Gastrointestinal Stromal Tumor,CGST105P1
chr10,89720852,89720852,C,T,T,SNP,PTEN,PTEN,GRCh37,0.048494,Gastrointestinal Stromal Tumor,CGST105P
chr11,108122595,108122595,A,C,C,SNP,ATM,ATM,GRCh37,0.00352,Gastrointestinal Stromal Tumor,CGST63P
chr11,108122595,108122595,A,C,C,SNP,ATM,ATM,GRCh37,0.00168,Gastrointestinal Stromal Tumor,CGST63P1
chr11,108142134,108142134,G,A,A,SNP,ATM,ATM,GRCh37,0.001808,Gastrointestinal Stromal Tumor,CGST68P2
chr11,108142134,108142134,G,A,A,SNP,ATM,ATM,GRCh37,0.001118,Gastrointestinal Stromal Tumor,CGST68P
chr11,108142134,108142134,G,A,A,SNP,ATM,ATM,GRCh37,0.000630914826498423,Gastrointestinal Stromal Tumor,CGST68P1
chr11,108216546,108216546,G,A,A,SNP,ATM,ATM,GRCh37,0.031706,Gastrointestinal Stromal Tumor,CGST25P2
chr11,108216546,108216546,G,A,A,SNP,ATM,ATM,GRCh37,0.002417,Gastrointestinal Stromal Tumor,CGST105P1
chr11,108216546,108216546,G,A,A,SNP,ATM,ATM,GRCh37,0.072549,Gastrointestinal Stromal Tumor,CGST25P
chr11,108216546,108216546,G,A,A,SNP,ATM,ATM,GRCh37,0.098389,Gastrointestinal Stromal Tumor,CGST25P1
chr11,108216546,108216546,G,A,A,SNP,ATM,ATM,GRCh37,0.026316,Gastrointestinal Stromal Tumor,CGST105P
chr11,108236192,108236192,A,G,G,SNP,ATM,ATM,GRCh37,0.001456,Gastrointestinal Stromal Tumor,CGST63P
chr11,108236192,108236192,A,G,G,SNP,ATM,ATM,GRCh37,0.000647,Gastrointestinal Stromal Tumor,CGST63P1
chr11,533327,533327,C,T,T,SNP,HRAS,HRAS,GRCh37,0.003596,Gastrointestinal Stromal Tumor,CGST80P
chr11,534285,534285,C,A,A,SNP,HRAS,HRAS,GRCh37,0.003079,Gastrointestinal Stromal Tumor,CGST45P2
chr11,534285,534285,C,A,A,SNP,HRAS,HRAS,GRCh37,0.000449236298292902,Gastrointestinal Stromal Tumor,CGST45P
chr12,25398282,25398282,C,G,G,SNP,KRAS,KRAS,GRCh37,0.002404,Gastrointestinal Stromal Tumor,CGST32P
chr12,25398284,25398284,C,A,A,SNP,KRAS,KRAS,GRCh37,0.0006,Gastrointestinal Stromal Tumor,CGST133P1
chr12,25398284,25398284,C,A,A,SNP,KRAS,KRAS,GRCh37,0.00443,Gastrointestinal Stromal Tumor,CGST133P
chr12,25398285,25398285,C,A,A,SNP,KRAS,KRAS,GRCh37,0.012105,Gastrointestinal Stromal Tumor,CGST105P
chr12,25398285,25398285,C,A,A,SNP,KRAS,KRAS,GRCh37,0.004157,Gastrointestinal Stromal Tumor,CGST105P1
chr12,58144854,58144854,A,T,T,SNP,CDK4,CDK4,GRCh37,0.0007,Gastrointestinal Stromal Tumor,CGST26P1
chr12,58144854,58144854,A,T,T,SNP,CDK4,CDK4,GRCh37,0.003224,Gastrointestinal Stromal Tumor,CGST26P
chr15,90631907,90631907,C,T,T,SNP,IDH2,IDH2,GRCh37,0.003873,Gastrointestinal Stromal Tumor,CGST31P2
chr15,90631907,90631907,C,T,T,SNP,IDH2,IDH2,GRCh37,0.0035,Gastrointestinal Stromal Tumor,CGST31P
chr15,90631907,90631907,C,T,T,SNP,IDH2,IDH2,GRCh37,0.002025,Gastrointestinal Stromal Tumor,CGST31P1
chr16,68772254,68772254,G,A,A,SNP,CDH1,CDH1,GRCh37,0.001151,Gastrointestinal Stromal Tumor,CGST69P2
chr16,68845730,68845730,A,T,T,SNP,CDH1,CDH1,GRCh37,0.002851,Gastrointestinal Stromal Tumor,CGST30P
chr16,68847351,68847351,G,A,A,SNP,CDH1,CDH1,GRCh37,0.004336,Gastrointestinal Stromal Tumor,CGST113P
chr17,7577058,7577058,C,A,A,SNP,TP53,TP53,GRCh37,0.001435,Gastrointestinal Stromal Tumor,CGST45P2
chr17,7577094,7577094,G,A,A,SNP,TP53,TP53,GRCh37,0.001161,Gastrointestinal Stromal Tumor,CGST134P2
chr17,7577094,7577094,G,A,A,SNP,TP53,TP53,GRCh37,0.0003,Gastrointestinal Stromal Tumor,CGST134P1
chr17,7577094,7577094,G,A,A,SNP,TP53,TP53,GRCh37,0.0006,Gastrointestinal Stromal Tumor,CGST134P
chr17,7577120,7577120,C,T,T,SNP,TP53,TP53,GRCh37,0.061433,Gastrointestinal Stromal Tumor,CGST64P
chr17,7577120,7577120,C,T,T,SNP,TP53,TP53,GRCh37,0.001998,Gastrointestinal Stromal Tumor,CGST30P1
chr17,7577120,7577120,C,T,T,SNP,TP53,TP53,GRCh37,0.125942,Gastrointestinal Stromal Tumor,CGST64P1
chr17,7577120,7577120,C,T,T,SNP,TP53,TP53,GRCh37,0.003145,Gastrointestinal Stromal Tumor,CGST30P
chr17,7577124,7577124,C,T,T,SNP,TP53,TP53,GRCh37,0.007744,Gastrointestinal Stromal Tumor,CGST64P1
chr17,7577139,7577139,G,A,A,SNP,TP53,TP53,GRCh37,0.000715,Gastrointestinal Stromal Tumor,CGST109P2
chr17,7577539,7577539,G,A,A,SNP,TP53,TP53,GRCh37,0.029935,Gastrointestinal Stromal Tumor,CGST32P
chr17,7577539,7577539,G,A,A,SNP,TP53,TP53,GRCh37,0.014148,Gastrointestinal Stromal Tumor,CGST113P2
chr17,7577539,7577539,G,A,A,SNP,TP53,TP53,GRCh37,0.011569,Gastrointestinal Stromal Tumor,CGST113P1
chr17,7577539,7577539,G,A,A,SNP,TP53,TP53,GRCh37,0.013537,Gastrointestinal Stromal Tumor,CGST113P
chr17,7577548,7577548,C,T,T,SNP,TP53,TP53,GRCh37,0.004515,Gastrointestinal Stromal Tumor,CGST25P1
chr17,7577548,7577548,C,T,T,SNP,TP53,TP53,GRCh37,0.000604,Gastrointestinal Stromal Tumor,CGST25P2
chr17,7577548,7577548,C,T,T,SNP,TP53,TP53,GRCh37,0.002585,Gastrointestinal Stromal Tumor,CGST25P
chr17,7577564,7577564,G,C,C,SNP,TP53,TP53,GRCh37,0.001207,Gastrointestinal Stromal Tumor,CGST63P2
chr17,7577564,7577564,G,C,C,SNP,TP53,TP53,GRCh37,0.002271,Gastrointestinal Stromal Tumor,CGST63P
chr17,7577564,7577564,G,C,C,SNP,TP53,TP53,GRCh37,0.002854,Gastrointestinal Stromal Tumor,CGST63P1
chr17,7577565,7577565,T,C,C,SNP,TP53,TP53,GRCh37,0.005005,Gastrointestinal Stromal Tumor,CGST48P1
chr17,7577565,7577565,T,C,C,SNP,TP53,TP53,GRCh37,0.042097,Gastrointestinal Stromal Tumor,CGST48P
chr17,7577568,7577568,C,T,T,SNP,TP53,TP53,GRCh37,0.002083,Gastrointestinal Stromal Tumor,CGST24P2
chr17,7577568,7577568,C,T,T,SNP,TP53,TP53,GRCh37,0.002959,Gastrointestinal Stromal Tumor,CGST24P
chr17,7577568,7577568,C,T,T,SNP,TP53,TP53,GRCh37,0.004061,Gastrointestinal Stromal Tumor,CGST24P1
chr17,7577580,7577580,T,C,C,SNP,TP53,TP53,GRCh37,0.0015,Gastrointestinal Stromal Tumor,CGST143P
chr17,7577580,7577580,T,C,C,SNP,TP53,TP53,GRCh37,0.007689,Gastrointestinal Stromal Tumor,CGST143P1
chr17,7578190,7578190,T,C,C,SNP,TP53,TP53,GRCh37,0.014813,Gastrointestinal Stromal Tumor,CGST97P2
chr17,7578190,7578190,T,C,C,SNP,TP53,TP53,GRCh37,0.0037,Gastrointestinal Stromal Tumor,CGST97P
chr17,7578190,7578190,T,C,C,SNP,TP53,TP53,GRCh37,0.016963,Gastrointestinal Stromal Tumor,CGST97P1
chr17,7578203,7578203,C,T,T,SNP,TP53,TP53,GRCh37,0.000714,Gastrointestinal Stromal Tumor,CGST110P1
chr17,7578203,7578203,C,T,T,SNP,TP53,TP53,GRCh37,0.005512,Gastrointestinal Stromal Tumor,CGST65P
chr17,7578203,7578203,C,T,T,SNP,TP53,TP53,GRCh37,0.0004,Gastrointestinal Stromal Tumor,CGST110P
chr17,7578275,7578275,G,A,A,SNP,TP53,TP53,GRCh37,0.023212,Gastrointestinal Stromal Tumor,CGST33P
chr17,7578394,7578394,T,C,C,SNP,TP53,TP53,GRCh37,0.002473,Gastrointestinal Stromal Tumor,CGST64P1
chr17,7578406,7578406,C,T,T,SNP,TP53,TP53,GRCh37,0.001554,Gastrointestinal Stromal Tumor,CGST22P
chr17,7578406,7578406,C,T,T,SNP,TP53,TP53,GRCh37,0.00211,Gastrointestinal Stromal Tumor,CGST22P1
chr17,7578406,7578406,C,T,T,SNP,TP53,TP53,GRCh37,0.002795,Gastrointestinal Stromal Tumor,CGST47P
chr17,7578433,7578433,G,C,C,SNP,TP53,TP53,GRCh37,0.010367,Gastrointestinal Stromal Tumor,CGST80P
chr17,7578479,7578479,G,A,A,SNP,TP53,TP53,GRCh37,0.001466,Gastrointestinal Stromal Tumor,CGST97P
chr17,7578479,7578479,G,A,A,SNP,TP53,TP53,GRCh37,0.001245,Gastrointestinal Stromal Tumor,CGST97P1
chr17,7578479,7578479,G,A,A,SNP,TP53,TP53,GRCh37,0.001586,Gastrointestinal Stromal Tumor,CGST97P2
chr17,7578526,7578526,C,A,A,SNP,TP53,TP53,GRCh37,0.001995,Gastrointestinal Stromal Tumor,CGST81P
chr17,7578555,7578555,C,T,T,SNP,TP53,TP53,GRCh37,0.001,Gastrointestinal Stromal Tumor,CGST24P1
chr17,7578555,7578555,C,T,T,SNP,TP53,TP53,GRCh37,0.001,Gastrointestinal Stromal Tumor,CGST24P1
chr17,7578555,7578555,C,T,T,SNP,TP53,TP53,GRCh37,0.002167,Gastrointestinal Stromal Tumor,CGST24P2
chr17,7578555,7578555,C,T,T,SNP,TP53,TP53,GRCh37,0.002167,Gastrointestinal Stromal Tumor,CGST24P2
chr17,7578555,7578555,C,T,T,SNP,TP53,TP53,GRCh37,0.002178,Gastrointestinal Stromal Tumor,CGST24P
chr17,7578555,7578555,C,T,T,SNP,TP53,TP53,GRCh37,0.002178,Gastrointestinal Stromal Tumor,CGST24P
chr18,48591918,48591918,C,T,T,SNP,SMAD4,SMAD4,GRCh37,0.002898,Gastrointestinal Stromal Tumor,CGST133P
chr19,1207102,1207102,A,T,T,SNP,STK11,STK11,GRCh37,0.003903,Gastrointestinal Stromal Tumor,CGST30P
chr19,1223081,1223081,T,A,A,SNP,STK11,STK11,GRCh37,0.002453,Gastrointestinal Stromal Tumor,CGST113P1
chr2,212248698,212248698,T,C,C,SNP,ERBB4,ERBB4,GRCh37,0.003132,Gastrointestinal Stromal Tumor,CGST22P
chr2,212248698,212248698,T,C,C,SNP,ERBB4,ERBB4,GRCh37,0.004683,Gastrointestinal Stromal Tumor,CGST22P1
chr2,212522509,212522509,G,A,A,SNP,ERBB4,ERBB4,GRCh37,0.001179,Gastrointestinal Stromal Tumor,CGST110P1
chr2,212522509,212522509,G,A,A,SNP,ERBB4,ERBB4,GRCh37,0.00148312940304042,Gastrointestinal Stromal Tumor,CGST110P
chr2,212812236,212812236,G,A,A,SNP,ERBB4,ERBB4,GRCh37,0.001587,Gastrointestinal Stromal Tumor,CGST158P
chr2,25457155,25457155,C,T,T,SNP,DNMT3A,DNMT3A,GRCh37,0.012701,Gastrointestinal Stromal Tumor,CGST102P
chr2,25457155,25457155,C,T,T,SNP,DNMT3A,DNMT3A,GRCh37,0.005022,Gastrointestinal Stromal Tumor,CGST102P2
chr2,25457155,25457155,C,T,T,SNP,DNMT3A,DNMT3A,GRCh37,0.008455,Gastrointestinal Stromal Tumor,CGST102P1
chr2,25457198,25457198,C,T,T,SNP,DNMT3A,DNMT3A,GRCh37,0.002405,Gastrointestinal Stromal Tumor,CGST176P1
chr2,25457204,25457204,C,A,A,SNP,DNMT3A,DNMT3A,GRCh37,0.002431,Gastrointestinal Stromal Tumor,CGST102P
chr2,25457224,25457224,A,G,G,SNP,DNMT3A,DNMT3A,GRCh37,0.001015,Gastrointestinal Stromal Tumor,CGST31P2
chr2,25457224,25457224,A,G,G,SNP,DNMT3A,DNMT3A,GRCh37,0.001349,Gastrointestinal Stromal Tumor,CGST31P1
chr2,25457242,25457242,C,A,A,SNP,DNMT3A,DNMT3A,GRCh37,0.002592,Gastrointestinal Stromal Tumor,CGST62P
chr2,25457242,25457242,C,A,A,SNP,DNMT3A,DNMT3A,GRCh37,0.0016,Gastrointestinal Stromal Tumor,CGST62P1
chr2,25457242,25457242,C,T,T,SNP,DNMT3A,DNMT3A,GRCh37,0.004917,Gastrointestinal Stromal Tumor,CGST148P2
chr2,25457242,25457242,C,T,T,SNP,DNMT3A,DNMT3A,GRCh37,0.001081,Gastrointestinal Stromal Tumor,CGST148P1
chr2,25457242,25457242,C,T,T,SNP,DNMT3A,DNMT3A,GRCh37,0.0013,Gastrointestinal Stromal Tumor,CGST148P
chr2,25457269,25457269,T,C,C,SNP,DNMT3A,DNMT3A,GRCh37,0.0003,Gastrointestinal Stromal Tumor,CGST110P
chr2,25457269,25457269,T,C,C,SNP,DNMT3A,DNMT3A,GRCh37,0.001022,Gastrointestinal Stromal Tumor,CGST110P1
chr2,25463182,25463182,G,A,A,SNP,DNMT3A,DNMT3A,GRCh37,0.003253,Gastrointestinal Stromal Tumor,CGST65P
chr2,25463182,25463182,G,A,A,SNP,DNMT3A,DNMT3A,GRCh37,0.0011,Gastrointestinal Stromal Tumor,CGST65P1
chr2,25463188,25463188,T,C,C,SNP,DNMT3A,DNMT3A,GRCh37,0.0029,Gastrointestinal Stromal Tumor,CGST38P
chr2,25463188,25463188,T,C,C,SNP,DNMT3A,DNMT3A,GRCh37,0.002774,Gastrointestinal Stromal Tumor,CGST38P1
chr2,25463188,25463188,T,C,C,SNP,DNMT3A,DNMT3A,GRCh37,0.002078,Gastrointestinal Stromal Tumor,CGST38P2
chr2,25463248,25463248,G,C,C,SNP,DNMT3A,DNMT3A,GRCh37,0.002188,Gastrointestinal Stromal Tumor,CGST121P1
chr2,25463248,25463248,G,C,C,SNP,DNMT3A,DNMT3A,GRCh37,0.000371,Gastrointestinal Stromal Tumor,CGST121P
chr2,25463265,25463265,G,A,A,SNP,DNMT3A,DNMT3A,GRCh37,0.002874,Gastrointestinal Stromal Tumor,CGST38P2
chr2,25463265,25463265,G,A,A,SNP,DNMT3A,DNMT3A,GRCh37,0.0029,Gastrointestinal Stromal Tumor,CGST38P1
chr2,25463284,25463284,G,A,A,SNP,DNMT3A,DNMT3A,GRCh37,0.004087,Gastrointestinal Stromal Tumor,CGST176P
chr2,25463284,25463284,G,A,A,SNP,DNMT3A,DNMT3A,GRCh37,0.005842,Gastrointestinal Stromal Tumor,CGST176P1
chr2,25463286,25463286,C,T,T,SNP,DNMT3A,DNMT3A,GRCh37,0.003937,Gastrointestinal Stromal Tumor,CGST38P
chr2,25463286,25463286,C,T,T,SNP,DNMT3A,DNMT3A,GRCh37,0.005037,Gastrointestinal Stromal Tumor,CGST38P1
chr2,25463286,25463286,C,T,T,SNP,DNMT3A,DNMT3A,GRCh37,0.003431,Gastrointestinal Stromal Tumor,CGST38P2
chr2,25463299,25463299,A,T,T,SNP,DNMT3A,DNMT3A,GRCh37,0.0011,Gastrointestinal Stromal Tumor,CGST62P
chr2,25463299,25463299,A,T,T,SNP,DNMT3A,DNMT3A,GRCh37,0.003918,Gastrointestinal Stromal Tumor,CGST62P1
chr2,25463541,25463541,G,A,A,SNP,DNMT3A,DNMT3A,GRCh37,0.004772,Gastrointestinal Stromal Tumor,CGST134P1
chr2,25463541,25463541,G,A,A,SNP,DNMT3A,DNMT3A,GRCh37,0.009541,Gastrointestinal Stromal Tumor,CGST134P
chr2,25463541,25463541,G,A,A,SNP,AR,AR,GRCh37,0.0008,Gastrointestinal Stromal Tumor,CGST134P1
chr2,25463541,25463541,G,A,A,SNP,DNMT3A,DNMT3A,GRCh37,0.008847,Gastrointestinal Stromal Tumor,CGST134P2
chr2,25463559,25463559,C,T,T,SNP,DNMT3A,DNMT3A,GRCh37,0.006607,Gastrointestinal Stromal Tumor,CGST67P
chr2,25463559,25463559,C,T,T,SNP,DNMT3A,DNMT3A,GRCh37,0.00468,Gastrointestinal Stromal Tumor,CGST67P1
chr2,25463559,25463559,C,T,T,SNP,DNMT3A,DNMT3A,GRCh37,0.00416,Gastrointestinal Stromal Tumor,CGST67P2
chr2,29416463,29416463,T,A,A,SNP,ALK,ALK,GRCh37,0.002102,Gastrointestinal Stromal Tumor,CGST32P
chr2,29416493,29416493,G,A,A,SNP,ALK,ALK,GRCh37,0.002491,Gastrointestinal Stromal Tumor,CGST62P
chr2,29754895,29754895,A,T,T,SNP,ALK,ALK,GRCh37,0.002607,Gastrointestinal Stromal Tumor,CGST32P
chr2,30143011,30143011,T,A,A,SNP,ALK,ALK,GRCh37,0.002138,Gastrointestinal Stromal Tumor,CGST32P
chr22,24158969,24158969,C,T,T,SNP,SMARCB1,SMARCB1,GRCh37,0.004045,Gastrointestinal Stromal Tumor,CGST102P
chr22,24158969,24158969,C,T,T,SNP,SMARCB1,SMARCB1,GRCh37,0.005412,Gastrointestinal Stromal Tumor,CGST102P1
chr22,24158969,24158969,C,T,T,SNP,SMARCB1,SMARCB1,GRCh37,0.007136,Gastrointestinal Stromal Tumor,CGST102P2
chr3,178927980,178927980,T,C,C,SNP,PIK3CA,PIK3CA,GRCh37,0.003945,Gastrointestinal Stromal Tumor,CGST63P
chr3,178927980,178927980,T,C,C,SNP,PIK3CA,PIK3CA,GRCh37,0.002089,Gastrointestinal Stromal Tumor,CGST63P1
chr3,178952007,178952007,A,G,G,SNP,PIK3CA,PIK3CA,GRCh37,0.001885,Gastrointestinal Stromal Tumor,CGST105P
chr3,178952007,178952007,A,G,G,SNP,PIK3CA,PIK3CA,GRCh37,0.0004,Gastrointestinal Stromal Tumor,CGST105P1
chr3,178952007,178952007,A,G,G,SNP,PIK3CA,PIK3CA,GRCh37,0.000701,Gastrointestinal Stromal Tumor,CGST65P
chr3,41266104,41266104,G,A,A,SNP,CTNNB1,CTNNB1,GRCh37,0.002523,Gastrointestinal Stromal Tumor,CGST63P
chr3,41266104,41266104,G,A,A,SNP,CTNNB1,CTNNB1,GRCh37,0.002672,Gastrointestinal Stromal Tumor,CGST63P1
chr3,41266113,41266113,C,T,T,SNP,CTNNB1,CTNNB1,GRCh37,0.000631,Gastrointestinal Stromal Tumor,CGST63P2
chr4,153244167,153244167,C,A,A,SNP,FBXW7,FBXW7,GRCh37,0.004467,Gastrointestinal Stromal Tumor,CGST47P
chr4,153247288,153247288,C,A,A,SNP,FBXW7,FBXW7,GRCh37,0.015504,Gastrointestinal Stromal Tumor,CGST48P
chr4,153247288,153247288,C,A,A,SNP,FBXW7,FBXW7,GRCh37,0.00232,Gastrointestinal Stromal Tumor,CGST48P1
chr4,1803714,1803714,G,A,A,SNP,FGFR3,FGFR3,GRCh37,0.001978,Gastrointestinal Stromal Tumor,CGST143P1
chr4,1803714,1803714,G,A,A,SNP,FGFR3,FGFR3,GRCh37,0.002417,Gastrointestinal Stromal Tumor,CGST143P
chr4,55129963,55129963,G,A,A,SNP,PDGFRA,PDGFRA,GRCh37,0.0018,Gastrointestinal Stromal Tumor,CGST67P
chr4,55129963,55129963,G,A,A,SNP,PDGFRA,PDGFRA,GRCh37,0.001867,Gastrointestinal Stromal Tumor,CGST67P2
chr4,55129963,55129963,G,A,A,SNP,PDGFRA,PDGFRA,GRCh37,0.0009,Gastrointestinal Stromal Tumor,CGST67P1
chr4,55565898,55565898,C,A,A,SNP,KIT,KIT,GRCh37,0.009231,Gastrointestinal Stromal Tumor,CGST113P
chr4,55565898,55565898,C,A,A,SNP,KIT,KIT,GRCh37,0.000366,Gastrointestinal Stromal Tumor,CGST113P1
chr4,55565898,55565898,C,A,A,SNP,KIT,KIT,GRCh37,0.0003,Gastrointestinal Stromal Tumor,CGST113P2
chr4,55597549,55597549,C,T,T,SNP,KIT,KIT,GRCh37,0.001807,Gastrointestinal Stromal Tumor,CGST122P
chr4,55597585,55597585,G,C,C,SNP,KIT,KIT,GRCh37,0.00438,Gastrointestinal Stromal Tumor,CGST148P2
chr4,55602973,55602973,G,A,A,SNP,KIT,KIT,GRCh37,0.000878348704435661,Gastrointestinal Stromal Tumor,CGST57P1
chr4,55602973,55602973,G,A,A,SNP,KIT,KIT,GRCh37,0.003556,Gastrointestinal Stromal Tumor,CGST57P
chr4,55604607,55604607,T,G,G,SNP,KIT,KIT,GRCh37,0.000783494384956908,Gastrointestinal Stromal Tumor,CGST24P1
chr4,55604607,55604607,T,G,G,SNP,KIT,KIT,GRCh37,0.002228,Gastrointestinal Stromal Tumor,CGST24P
chr4,55604607,55604607,T,G,G,SNP,KIT,KIT,GRCh37,0.000307787011388119,Gastrointestinal Stromal Tumor,CGST24P2
chr5,112179062,112179062,C,A,A,SNP,APC,APC,GRCh37,0.00304,Gastrointestinal Stromal Tumor,CGST45P2
chr6,152265479,152265479,C,T,T,SNP,ESR1,ESR1,GRCh37,0.088759,Gastrointestinal Stromal Tumor,CGST31P2
chr6,152265479,152265479,C,T,T,SNP,ESR1,ESR1,GRCh37,0.094684,Gastrointestinal Stromal Tumor,CGST31P
chr6,152265479,152265479,C,T,T,SNP,ESR1,ESR1,GRCh37,0.073567,Gastrointestinal Stromal Tumor,CGST31P1
chr7,140481402,140481402,C,G,G,SNP,BRAF,BRAF,GRCh37,0.006544,Gastrointestinal Stromal Tumor,CGST32P
chr7,55225397,55225397,C,T,T,SNP,EGFR,EGFR,GRCh37,0.004274,Gastrointestinal Stromal Tumor,CGST48P
chr7,55225397,55225397,C,T,T,SNP,EGFR,EGFR,GRCh37,0.001,Gastrointestinal Stromal Tumor,CGST48P1
chr7,55229234,55229234,G,A,A,SNP,EGFR,EGFR,GRCh37,0.002691,Gastrointestinal Stromal Tumor,CGST48P
chr7,55266532,55266532,G,A,A,SNP,EGFR,EGFR,GRCh37,0.001511,Gastrointestinal Stromal Tumor,CGST158P
chr7,55273201,55273201,A,G,G,SNP,EGFR,EGFR,GRCh37,0.001596,Gastrointestinal Stromal Tumor,CGST24P2
chr7,55273201,55273201,A,G,G,SNP,EGFR,EGFR,GRCh37,0.001,Gastrointestinal Stromal Tumor,CGST24P1
chr8,128750755,128750755,C,T,T,SNP,MYC,MYC,GRCh37,0.001997,Gastrointestinal Stromal Tumor,CGST122P
chr8,128750755,128750755,C,T,T,SNP,MYC,MYC,GRCh37,0.0005,Gastrointestinal Stromal Tumor,CGST122P1
chr8,128750755,128750755,C,T,T,SNP,MYC,MYC,GRCh37,0.002186,Gastrointestinal Stromal Tumor,CGST79P
chr8,128750924,128750924,C,T,T,SNP,MYC,MYC,GRCh37,0.001513,Gastrointestinal Stromal Tumor,CGST63P2
chr8,128751137,128751137,C,T,T,SNP,MYC,MYC,GRCh37,0.0002,Gastrointestinal Stromal Tumor,CGST134P2
chr8,128751137,128751137,C,T,T,SNP,MYC,MYC,GRCh37,0.001697,Gastrointestinal Stromal Tumor,CGST134P
chr8,128751137,128751137,C,T,T,SNP,MYC,MYC,GRCh37,0.000372162262746558,Gastrointestinal Stromal Tumor,CGST134P1
chr8,128751230,128751230,A,T,T,SNP,MYC,MYC,GRCh37,0.004225,Gastrointestinal Stromal Tumor,CGST30P
chr9,133738360,133738360,G,A,A,SNP,ABL1,ABL1,GRCh37,0.00246507806080526,Gastrointestinal Stromal Tumor,CGST57P
chr9,133738360,133738360,G,A,A,SNP,ABL1,ABL1,GRCh37,0.003341,Gastrointestinal Stromal Tumor,CGST57P1
chr9,5073753,5073753,T,C,C,SNP,JAK2,JAK2,GRCh37,0.134951,Gastrointestinal Stromal Tumor,CGST28P1
chr9,5073753,5073753,T,C,C,SNP,JAK2,JAK2,GRCh37,0.117746,Gastrointestinal Stromal Tumor,CGST28P
chr9,5073770,5073770,G,T,T,SNP,JAK2,JAK2,GRCh37,0.063236,Gastrointestinal Stromal Tumor,CGST122P
chr9,5073770,5073770,G,T,T,SNP,JAK2,JAK2,GRCh37,0.006326,Gastrointestinal Stromal Tumor,CGST122P1
chrX,66765955,66765955,G,A,A,SNP,AR,AR,GRCh37,0.0002,Gastrointestinal Stromal Tumor,CGST24P1
chrX,66765955,66765955,G,A,A,SNP,AR,AR,GRCh37,0.001176,Gastrointestinal Stromal Tumor,CGST24P2
chrX,66766010,66766010,T,A,A,SNP,AR,AR,GRCh37,0.003873,Gastrointestinal Stromal Tumor,CGST30P
chrX,66937416,66937416,A,G,G,SNP,AR,AR,GRCh37,0.004357,Gastrointestinal Stromal Tumor,CGST134P
chrX,66937416,66937416,A,G,G,SNP,AR,AR,GRCh37,0.005993,Gastrointestinal Stromal Tumor,CGST134P2
